{
  "G": 12.128181528749996,
  "S": 10.691410503185057,
  "V": 7.927319166324086,
  "A": 7.68437001773813,
  "L": 6.876333366987566,
  "T": 6.843580054601925,
  "Y": 5.648118485138578,
  "R": 5.5211639295053345,
  "D": 4.933184434033583,
  "Q": 4.907497021501084,
  "E": 4.173812400185168,
  "K": 3.4171985574280037,
  "N": 3.3792357881432595,
  "P": 3.2301263562581535,
  "F": 2.9003272799725446,
  "I": 2.692819315054617,
  "C": 2.5668144904869874,
  "W": 2.1928694654877163,
  "M": 1.6613369215298108,
  "H": 0.6243009176883969
}