{
  "full_sequence": {
    "mean": 122.34086651302745,
    "std": 5.620257648784359,
    "min": 80,
    "q25": 120.0,
    "median": 123.0,
    "q75": 126.0,
    "max": 147
  },
  "cdr3": {
    "mean": 17.009882301025577,
    "std": 4.604366426135199,
    "min": 5,
    "q25": 14.0,
    "median": 18.0,
    "q75": 20.0,
    "max": 35
  }
}